latitude,longitude,branchfreeway34.013,-118.49788,0
34.01277,-118.49764,0
34.0119,-118.49667,0
34.01174,-118.49642,0
34.01161,-118.49617,0
34.01156,-118.49598,0
34.01146,-118.49553,0
34.01142,-118.49519,0
34.01143,-118.49463,0
34.01147,-118.49438,0
34.01153,-118.49416,0
34.01164,-118.4939,0
34.01177,-118.49366,0
34.01221,-118.49295,0
34.01231,-118.49273,0
34.01243,-118.49238,0
34.01249,-118.4921,0
34.01252,-118.49183,0
34.01259,-118.49056,0
34.01264,-118.49016,0
34.01268,-118.48992,0
34.01284,-118.48936,0
34.01308,-118.48882,0
34.01461,-118.48633,0
34.01608,-118.48399,0
34.01687,-118.48283,0
34.01716,-118.48245,0
34.01882,-118.48044,0
34.01919,-118.47998,0
34.01958,-118.47948,0
34.02143,-118.47725,0
34.02152,-118.47714,0
34.02223,-118.47616,0
34.02239,-118.47591,0
34.02289,-118.47497,0
34.02304,-118.4747,0
34.02312,-118.47451,0
34.02326,-118.47413,0
34.02367,-118.47275,0
34.02457,-118.4694,0
34.02549,-118.46597,0
34.02613,-118.46358,0
34.0263,-118.46293,0
34.02641,-118.46255,0
34.02683,-118.46076,0
34.0272,-118.45896,0
34.02761,-118.45696,0
34.02778,-118.45605,0
34.02784,-118.45564,0
34.02788,-118.45515,0
34.02788,-118.4547,0
34.02785,-118.45418,0
34.02778,-118.45258,0
34.02779,-118.45189,0
34.02784,-118.4514,0
34.02796,-118.45074,0
34.02834,-118.44933,0
34.0288,-118.44758,0
34.02925,-118.44593,0
34.02971,-118.44417,0
34.03001,-118.44289,0
34.03004,-118.44272,0
34.03019,-118.44192,0
34.03037,-118.44071,0
34.0305,-118.43978,0
34.03094,-118.43656,0
34.03111,-118.43525,0
34.03134,-118.43362,405
34.03144,-118.4329,0
34.03164,-118.43138,0
34.03176,-118.43021,0
34.03183,-118.42853,0
34.03184,-118.42705,0
34.03185,-118.4246,0
34.03185,-118.42395,0
34.03184,-118.42186,0
34.03185,-118.41956,0
34.03189,-118.41752,0
34.03189,-118.4158,0
34.03187,-118.41512,0
34.03177,-118.4143,0
34.03168,-118.41381,0
34.03151,-118.41313,0
34.0312,-118.41222,0
34.03076,-118.41101,0
34.0305,-118.4102,0
34.03035,-118.40956,0
34.03023,-118.4088,0
34.03013,-118.40767,0
34.02972,-118.4031,0
34.02932,-118.3985,0
34.02921,-118.39723,0
34.02918,-118.39678,0
34.02918,-118.39624,0
34.02923,-118.39572,0
34.0293,-118.39506,0
34.02939,-118.39457,0
34.02966,-118.39352,0
34.02994,-118.39282,0
34.03012,-118.39241,0
34.03091,-118.391,0
34.03112,-118.39065,0
34.03162,-118.38985,0
34.03288,-118.38767,0
34.03327,-118.38701,0
34.03346,-118.38672,0
34.03389,-118.386,0
34.03415,-118.38553,0
34.03591,-118.38258,0
34.03634,-118.3818,0
34.03666,-118.38105,0
34.03675,-118.38072,0
34.03699,-118.37962,0
34.03707,-118.37896,0
34.03707,-118.37794,0
34.03691,-118.37687,0
34.03636,-118.37422,0
34.03589,-118.37203,0
34.03587,-118.37194,0
34.03527,-118.3692,0
34.03496,-118.36772,0
34.03471,-118.36656,0
34.03446,-118.36538,0
34.03407,-118.36332,0
34.03395,-118.36215,0
34.03393,-118.36194,0
34.03388,-118.36093,0
34.03388,-118.36014,0
34.03396,-118.35849,0
34.0341,-118.35589,0
34.03438,-118.35016,0
34.03463,-118.34507,0
34.03472,-118.34318,0
34.03487,-118.33991,0
34.03495,-118.338,0
34.035,-118.33645,0
34.03517,-118.33335,0
34.03535,-118.32923,0
34.03541,-118.32842,0
34.03547,-118.32732,0
34.03553,-118.32661,0
34.03565,-118.32565,0
34.03595,-118.32364,0
34.03661,-118.31891,0
34.03681,-118.31764,0
34.03701,-118.31571,0
34.03715,-118.31335,0
34.03724,-118.31072,0
34.03727,-118.30961,0
34.03724,-118.30909,0
34.03723,-118.3089,0
34.03721,-118.30497,0
34.03721,-118.30394,0
34.03719,-118.30278,0
34.03716,-118.30072,0
34.03715,-118.30018,0
34.03708,-118.29655,0
34.03708,-118.29529,0
34.03704,-118.29112,0
34.03698,-118.28739,0
34.03698,-118.28637,0
34.03704,-118.28518,0
34.03715,-118.28432,0
34.03726,-118.2837,0
34.03767,-118.28167,0
34.038,-118.28013,0
34.03805,-118.27983,0
34.03813,-118.2794,0
34.03818,-118.27895,0
34.03843,-118.27567,0
34.03845,-118.27546,0
34.03847,-118.2749,0
34.03842,-118.27426,0
34.03836,-118.27388,0
34.03833,-118.2737,0
34.03826,-118.27336,0
34.03808,-118.2728,0
34.0378,-118.27211,0
34.03721,-118.27105,0
34.0369,-118.27054,0
34.03646,-118.26992,0
34.03609,-118.26941,0
34.03603,-118.26932,0
34.03549,-118.26853,0
34.03475,-118.26727,0
34.03442,-118.26667,0
34.03435,-118.26653,0
34.03434,-118.26649,0
34.03429,-118.26638,0
34.03371,-118.26536,0
34.03309,-118.26426,0
34.03298,-118.26404,0
34.03261,-118.26338,0
34.03224,-118.26264,0
34.03215,-118.26244,0
34.03201,-118.2621,0
34.03183,-118.26163,0
34.03158,-118.26084,0
34.03129,-118.25988,0
34.03095,-118.25883,0
34.03048,-118.25766,0
34.03001,-118.25666,0
34.0297,-118.25609,0
34.02777,-118.2525,0
34.02687,-118.2508,0
34.02597,-118.24916,0
34.02496,-118.24735,0
34.02464,-118.24676,0
34.02456,-118.2466,0
34.02443,-118.24634,0
34.02423,-118.24576,0
34.02397,-118.24488,0
34.02391,-118.24468,0
34.02382,-118.24399,0
34.02377,-118.24323,0
34.0238,-118.2425,0
34.02384,-118.24212,0
34.02396,-118.24146,0
34.024,-118.24129,0
34.02405,-118.24111,0
34.02432,-118.24037,0
34.02479,-118.23923,0
34.02523,-118.23814,0
34.0262,-118.23577,0
34.02647,-118.23516,0
34.02709,-118.23366,0
34.02766,-118.23221,0
34.02803,-118.23125,0
34.02826,-118.23053,0
34.02847,-118.22978,0
34.02864,-118.22948,0
34.02892,-118.22831,0
34.02942,-118.22593,0
34.02957,-118.22526,0
34.02972,-118.22481,0
34.02993,-118.22435,0
34.03018,-118.22392,0
34.03027,-118.22378,0
34.03039,-118.22361,0
34.03063,-118.22336,0
34.03098,-118.22308,0
34.0312,-118.22294,0
34.03134,-118.22291,0
34.03182,-118.22265,0
34.03387,-118.22182,0
34.03393,-118.22179,0
34.03431,-118.22164,0
34.03461,-118.2215,101
34.03506,-118.22124,0
34.03575,-118.22094,0
34.03587,-118.22082,0
34.03648,-118.22057,0
34.03726,-118.22024,0
34.03788,-118.22002,0
34.03873,-118.21978,0
34.03926,-118.21961,0
34.0396,-118.21949,0
34.03983,-118.21936,0
34.0402,-118.21913,0
34.04077,-118.21874,0
34.04247,-118.2176,0
34.04338,-118.21701,0
34.0448,-118.21607,0
34.04555,-118.2156,0
34.0457,-118.21552,0
34.04611,-118.21529,0
34.04676,-118.21498,0
34.04744,-118.21472,0
34.04907,-118.21427,0
34.04968,-118.21419,0
34.04985,-118.21416,0
34.05072,-118.21409,0
34.05145,-118.2141,0
34.05198,-118.21412,0
34.05214,-118.21419,0
34.05226,-118.21423,0
34.05237,-118.21425,0
34.05248,-118.21427,0
34.05274,-118.2143,0
34.05289,-118.21436,0
34.0533,-118.21466,0
34.05363,-118.21491,0
34.05426,-118.2154,0
34.05469,-118.2157,0
34.05502,-118.21588,0
34.05511,-118.2159,0
34.05536,-118.21592,0
34.05562,-118.21585,0
34.05585,-118.21573,0
34.05608,-118.21553,0
34.05627,-118.21523,0
34.05636,-118.215,0
34.05642,-118.21463,0
34.05643,-118.21443,0
34.05642,-118.21414,0
34.05639,-118.21392,0
34.0563,-118.21359,0
34.05628,-118.21342,0
34.05547,-118.21166,0
34.05541,-118.21151,0
34.0546,-118.20959,0
34.05422,-118.20848,0
34.05413,-118.20817,0
34.054,-118.20756,0
34.05393,-118.20704,0
34.0539,-118.20654,0
34.05393,-118.20577,0
34.05398,-118.20543,0
34.05406,-118.2051,0
34.05416,-118.20477,0
34.05473,-118.20329,0
34.05485,-118.20291,0
34.05507,-118.20206,0
34.05519,-118.20137,0
34.05529,-118.20067,0
34.05556,-118.19883,0
34.05557,-118.19868,0
34.0555,-118.19849,0
34.05556,-118.19788,0
34.05561,-118.19708,0
34.05561,-118.19615,0
34.05552,-118.1927,0
34.0554,-118.18798,0
34.05538,-118.18706,0
34.05541,-118.18648,0
34.05549,-118.18573,0
34.05564,-118.18493,0
34.05588,-118.18412,0
34.05616,-118.18336,0
34.05715,-118.18127,0
34.05787,-118.1797,0
34.05848,-118.17833,0
34.05975,-118.17548,0
34.06014,-118.17456,0
34.06022,-118.17451,0
34.06034,-118.17432,0
34.06067,-118.17366,0
