latitude,longitude
34.06067, -118.17366
34.06034, -118.17432
34.06022, -118.17451
34.06014, -118.17456
34.05975, -118.17548
34.05848, -118.17833
34.05787, -118.1797
34.05715, -118.18127
34.05616, -118.18336
34.05588, -118.18412
34.05564, -118.18493
34.05549, -118.18573
34.05541, -118.18648
34.05538, -118.18706
34.0554, -118.18798
34.05552, -118.1927
34.05561, -118.19615
34.05561, -118.19708
34.05556, -118.19788
34.0555, -118.19849
34.05557, -118.19868
34.05556, -118.19883
34.05529, -118.20067
34.05519, -118.20137
34.05507, -118.20206
34.05485, -118.20291
34.05473, -118.20329
34.05416, -118.20477
34.05406, -118.2051
34.05398, -118.20543
34.05393, -118.20577
34.0539, -118.20654
34.05393, -118.20704
34.054, -118.20756
34.05413, -118.20817
34.05422, -118.20848
34.0546, -118.20959
34.05541, -118.21151
34.05547, -118.21166
34.05628, -118.21342
34.0563, -118.21359
34.05639, -118.21392
34.05642, -118.21414
34.05643, -118.21443
34.05642, -118.21463
34.05636, -118.215
34.05627, -118.21523
34.05608, -118.21553
34.05585, -118.21573
34.05562, -118.21585
34.05536, -118.21592
34.05511, -118.2159
34.05502, -118.21588
34.05469, -118.2157
34.05426, -118.2154
34.05363, -118.21491
34.0533, -118.21466
34.05289, -118.21436
34.05274, -118.2143
34.05248, -118.21427
34.05237, -118.21425
34.05226, -118.21423
34.05214, -118.21419
34.05198, -118.21412
34.05145, -118.2141
34.05072, -118.21409
34.04985, -118.21416
34.04968, -118.21419
34.04907, -118.21427
34.04744, -118.21472
34.04676, -118.21498
34.04611, -118.21529
34.0457, -118.21552
34.04555, -118.2156
34.0448, -118.21607
34.04338, -118.21701
34.04247, -118.2176
34.04077, -118.21874
34.0402, -118.21913
34.03983, -118.21936
34.0396, -118.21949
34.03926, -118.21961
34.03873, -118.21978
34.03788, -118.22002
34.03726, -118.22024
34.03648, -118.22057
34.03587, -118.22082
34.03575, -118.22094
34.03506, -118.22124
34.03461, -118.2215
34.03431, -118.22164
34.03393, -118.22179
34.03387, -118.22182
34.03182, -118.22265
34.03134, -118.22291
34.0312, -118.22294
34.03098, -118.22308
34.03063, -118.22336
34.03039, -118.22361
34.03027, -118.22378
34.03018, -118.22392
34.02993, -118.22435
34.02972, -118.22481
34.02957, -118.22526
34.02942, -118.22593
34.02892, -118.22831
34.02864, -118.22948
34.02847, -118.22978
34.02826, -118.23053
34.02803, -118.23125
34.02766, -118.23221
34.02709, -118.23366
34.02647, -118.23516
34.0262, -118.23577
34.02523, -118.23814
34.02479, -118.23923
34.02432, -118.24037
34.02405, -118.24111
34.024, -118.24129
34.02396, -118.24146
34.02384, -118.24212
34.0238, -118.2425
34.02377, -118.24323
34.02382, -118.24399
34.02391, -118.24468
34.02397, -118.24488
34.02423, -118.24576
34.02443, -118.24634
34.02456, -118.2466
34.02464, -118.24676
34.02496, -118.24735
34.02597, -118.24916
34.02687, -118.2508
34.02777, -118.2525
34.0297, -118.25609
34.03001, -118.25666
34.03048, -118.25766
34.03095, -118.25883
34.03129, -118.25988
34.03158, -118.26084
34.03183, -118.26163
34.03201, -118.2621
34.03215, -118.26244
34.03224, -118.26264
34.03261, -118.26338
34.03298, -118.26404
34.03309, -118.26426
34.03371, -118.26536
34.03429, -118.26638
34.03434, -118.26649
34.03435, -118.26653
34.03442, -118.26667
34.03475, -118.26727
34.03549, -118.26853
34.03603, -118.26932
34.03609, -118.26941
34.03646, -118.26992
34.0369, -118.27054
34.03721, -118.27105
34.0378, -118.27211
34.03808, -118.2728
34.03826, -118.27336
34.03833, -118.2737
34.03836, -118.27388
34.03842, -118.27426
34.03847, -118.2749
34.03845, -118.27546
34.03843, -118.27567
34.03818, -118.27895
34.03813, -118.2794
34.03805, -118.27983
34.038, -118.28013
34.03767, -118.28167
34.03726, -118.2837
34.03715, -118.28432
34.03704, -118.28518
34.03698, -118.28637
34.03698, -118.28739
34.03704, -118.29112
34.03708, -118.29529
34.03708, -118.29655
34.03715, -118.30018
34.03716, -118.30072
34.03719, -118.30278
34.03721, -118.30394
34.03721, -118.30497
34.03723, -118.3089
34.03724, -118.30909
34.03727, -118.30961
34.03724, -118.31072
34.03715, -118.31335
34.03701, -118.31571
34.03681, -118.31764
34.03661, -118.31891
34.03595, -118.32364
34.03565, -118.32565
34.03553, -118.32661
34.03547, -118.32732
34.03541, -118.32842
34.03535, -118.32923
34.03517, -118.33335
34.035, -118.33645
34.03495, -118.338
34.03487, -118.33991
34.03472, -118.34318
34.03463, -118.34507
34.03438, -118.35016
34.0341, -118.35589
34.03396, -118.35849
34.03388, -118.36014
34.03388, -118.36093
34.03393, -118.36194
34.03395, -118.36215
34.03407, -118.36332
34.03446, -118.36538
34.03471, -118.36656
34.03496, -118.36772
34.03527, -118.3692
34.03587, -118.37194
34.03589, -118.37203
34.03636, -118.37422
34.03691, -118.37687
34.03707, -118.37794
34.03707, -118.37896
34.03699, -118.37962
34.03675, -118.38072
34.03666, -118.38105
34.03634, -118.3818
34.03591, -118.38258
34.03415, -118.38553
34.03389, -118.386
34.03346, -118.38672
34.03327, -118.38701
34.03288, -118.38767
34.03162, -118.38985
34.03112, -118.39065
34.03091, -118.391
34.03012, -118.39241
34.02994, -118.39282
34.02966, -118.39352
34.02939, -118.39457
34.0293, -118.39506
34.02923, -118.39572
34.02918, -118.39624
34.02918, -118.39678
34.02921, -118.39723
34.02932, -118.3985
34.02972, -118.4031
34.03013, -118.40767
34.03023, -118.4088
34.03035, -118.40956
34.0305, -118.4102
34.03076, -118.41101
34.0312, -118.41222
34.03151, -118.41313
34.03168, -118.41381
34.03177, -118.4143
34.03187, -118.41512
34.03189, -118.4158
34.03189, -118.41752
34.03185, -118.41956
34.03184, -118.42186
34.03185, -118.42395
34.03185, -118.4246
34.03184, -118.42705
34.03183, -118.42853
34.03176, -118.43021
34.03164, -118.43138
34.03144, -118.4329
34.03134, -118.43362
34.03111, -118.43525
34.03094, -118.43656
34.0305, -118.43978
34.03037, -118.44071
34.03019, -118.44192
34.03004, -118.44272
34.03001, -118.44289
34.02971, -118.44417
34.02925, -118.44593
34.0288, -118.44758
34.02834, -118.44933
34.02796, -118.45074
34.02784, -118.4514
34.02779, -118.45189
34.02778, -118.45258
34.02785, -118.45418
34.02788, -118.4547
34.02788, -118.45515
34.02784, -118.45564
34.02778, -118.45605
34.02761, -118.45696
34.0272, -118.45896
34.02683, -118.46076
34.02641, -118.46255
34.0263, -118.46293
34.02613, -118.46358
34.02549, -118.46597
34.02457, -118.4694
34.02367, -118.47275
34.02326, -118.47413
34.02312, -118.47451
34.02304, -118.4747
34.02289, -118.47497
34.02239, -118.47591
34.02223, -118.47616
34.02152, -118.47714
34.02143, -118.47725
34.01958, -118.47948
34.01919, -118.47998
34.01882, -118.48044
34.01716, -118.48245
34.01687, -118.48283
34.01608, -118.48399
34.01461, -118.48633
34.01308, -118.48882
34.01284, -118.48936
34.01268, -118.48992
34.01264, -118.49016
34.01259, -118.49056
34.01252, -118.49183
34.01249, -118.4921
34.01243, -118.49238
34.01231, -118.49273
34.01221, -118.49295
34.01177, -118.49366
34.01164, -118.4939
34.01153, -118.49416
34.01147, -118.49438
34.01143, -118.49463
34.01142, -118.49519
34.01146, -118.49553
34.01156, -118.49598
34.01161, -118.49617
34.01174, -118.49642
34.0119, -118.49667
34.01277, -118.49764
34.013, -118.49788
